StartDate,city,link_lifetime_stage,,,,coin_credited,coin_expired,coin_burn,subs_coin_credited,subs_coin_expired,subs_coin_burn,coin_uitilized,subs_coin_uitilized
31/10/22,bangalore,0.NEW,44,Bangalore,0.NEW,172076,8398,163678,0,0,0,25258,0
31/10/22,bangalore,1.HANDHOLDING,44,Bangalore,1.HANDHOLDING,39173,550183,-511010,0,0,0,23976,100
31/10/22,bangalore,2.HOOK,44,Bangalore,2.HOOK,8166,5970,2196,40,0,40,5835,400
31/10/22,bangalore,3.DETOX,44,Bangalore,3.DETOX,3707,1461,2246,100,0,100,2512,460
31/10/22,bangalore,4.SUSTENANCE,44,Bangalore,4.SUSTENANCE,3705,2617,1088,0,0,0,2508,10
31/10/22,bangalore,5.COMMITTED,44,Bangalore,5.COMMITTED,7901,2129,5772,34,0,34,5903,690
31/10/22,bangalore,6.CHURN_OTB,44,Bangalore,6.CHURN_OTB,2912,4086,-1174,64,0,64,2181,160
31/10/22,bangalore,7.SOFT_CHURN,44,Bangalore,7.SOFT_CHURN,1597,2408,-811,0,0,0,1225,50
31/10/22,bangalore,8.DORMANT,44,Bangalore,8.DORMANT,26271,43285,-17014,96,0,96,10592,51
31/10/22,bangalore,9.INACTIVE,44,Bangalore,9.INACTIVE,72030,465341,-393311,0,0,0,47099,0
31/10/22,chandigarh,0.NEW,44,Chandigarh,0.NEW,33534,100,33434,0,0,0,8546,0
31/10/22,chandigarh,1.HANDHOLDING,44,Chandigarh,1.HANDHOLDING,15814,36634,-20820,0,0,0,12977,80
31/10/22,chandigarh,2.HOOK,44,Chandigarh,2.HOOK,4849,13307,-8458,0,0,0,5701,105
31/10/22,chandigarh,3.DETOX,44,Chandigarh,3.DETOX,5467,5564,-97,20,0,20,6786,267
31/10/22,chandigarh,4.SUSTENANCE,44,Chandigarh,4.SUSTENANCE,715,515,200,0,0,0,324,8
31/10/22,chandigarh,5.COMMITTED,44,Chandigarh,5.COMMITTED,5620,1807,3813,20,0,20,6113,138
31/10/22,chandigarh,6.CHURN_OTB,44,Chandigarh,6.CHURN_OTB,2150,1781,369,0,0,0,1970,47
31/10/22,chandigarh,7.SOFT_CHURN,44,Chandigarh,7.SOFT_CHURN,956,166,790,0,0,0,529,0
31/10/22,chandigarh,8.DORMANT,44,Chandigarh,8.DORMANT,20547,2039,18508,0,0,0,6526,76
31/10/22,chandigarh,9.INACTIVE,44,Chandigarh,9.INACTIVE,20896,1802,19094,0,0,0,5004,0
31/10/22,chennai,0.NEW,44,Chennai,0.NEW,73206,150,73056,0,0,0,16741,0
31/10/22,chennai,1.HANDHOLDING,44,Chennai,1.HANDHOLDING,47549,166773,-119224,0,0,0,31087,50
31/10/22,chennai,2.HOOK,44,Chennai,2.HOOK,8036,32666,-24630,27,0,27,7247,87
31/10/22,chennai,3.DETOX,44,Chennai,3.DETOX,2110,8281,-6171,226,0,226,2755,357
31/10/22,chennai,4.SUSTENANCE,44,Chennai,4.SUSTENANCE,1737,1832,-95,0,0,0,1293,6
31/10/22,chennai,5.COMMITTED,44,Chennai,5.COMMITTED,4324,992,3332,195,0,195,3369,346
31/10/22,chennai,6.CHURN_OTB,44,Chennai,6.CHURN_OTB,1555,2511,-956,0,0,0,1186,95
31/10/22,chennai,7.SOFT_CHURN,44,Chennai,7.SOFT_CHURN,1172,1226,-54,0,0,0,683,5
31/10/22,chennai,8.DORMANT,44,Chennai,8.DORMANT,41383,6188,35195,0,0,0,9416,78
31/10/22,chennai,9.INACTIVE,44,Chennai,9.INACTIVE,76140,11574,64566,0,0,0,16492,0
31/10/22,delhi,0.NEW,44,Delhi,0.NEW,141901,408,141493,0,0,0,42315,0
31/10/22,delhi,1.HANDHOLDING,44,Delhi,1.HANDHOLDING,78597,202738.35,-124141.35,4,0,4,56526.4,307.75
31/10/22,delhi,2.HOOK,44,Delhi,2.HOOK,15163,47138,-31975,89,0,89,16736,432
31/10/22,delhi,3.DETOX,44,Delhi,3.DETOX,10060,13875,-3815,1232,0,1232,13573.99,2450
31/10/22,delhi,4.SUSTENANCE,44,Delhi,4.SUSTENANCE,3064,1598,1466,0,0,0,1777,20
31/10/22,delhi,5.COMMITTED,44,Delhi,5.COMMITTED,10267,15591,-5324,62,0,62,13277.6,857
31/10/22,delhi,6.CHURN_OTB,44,Delhi,6.CHURN_OTB,5770,6739,-969,70,0,70,6629,514
31/10/22,delhi,7.SOFT_CHURN,44,Delhi,7.SOFT_CHURN,4149,1188,2961,0,0,0,2463,85
31/10/22,delhi,8.DORMANT,44,Delhi,8.DORMANT,122294,10039,112255,102,0,102,37986,597
31/10/22,delhi,9.INACTIVE,44,Delhi,9.INACTIVE,128941,10445,118496,0,0,0,35741.26,35
31/10/22,hyderabad,0.NEW,44,Hyderabad,0.NEW,34278,580,33698,0,0,0,12349,0
31/10/22,hyderabad,1.HANDHOLDING,44,Hyderabad,1.HANDHOLDING,41590,23753,17837,0,0,0,24766,190
31/10/22,hyderabad,2.HOOK,44,Hyderabad,2.HOOK,120934,16937,103997,120,0,120,55451,1303
31/10/22,hyderabad,3.DETOX,44,Hyderabad,3.DETOX,17551,1906,15645,443,0,443,13770,2162
31/10/22,hyderabad,4.SUSTENANCE,44,Hyderabad,4.SUSTENANCE,27963,3879,24084,20,0,20,14410,231
31/10/22,hyderabad,5.COMMITTED,44,Hyderabad,5.COMMITTED,41837,2899,38938,217,0,217,33226,1206
31/10/22,hyderabad,6.CHURN_OTB,44,Hyderabad,6.CHURN_OTB,13628,2913,10715,46,0,46,8431,367
31/10/22,hyderabad,7.SOFT_CHURN,44,Hyderabad,7.SOFT_CHURN,13364,3249,10115,0,0,0,5498,95
31/10/22,hyderabad,8.DORMANT,44,Hyderabad,8.DORMANT,140527,40832,99695,37,0,37,44378,353
31/10/22,hyderabad,9.INACTIVE,44,Hyderabad,9.INACTIVE,194950,93244,101706,0,0,0,57279.16,0
31/10/22,indore,0.NEW,44,Indore,0.NEW,36771,0,36771,0,0,0,9689,0
31/10/22,indore,1.HANDHOLDING,44,Indore,1.HANDHOLDING,21379,31323,-9944,0,0,0,12745,0
31/10/22,indore,2.HOOK,44,Indore,2.HOOK,3293,5857,-2564,0,0,0,3275,7
31/10/22,indore,3.DETOX,44,Indore,3.DETOX,996,1656,-660,0,0,0,1488,0
31/10/22,indore,4.SUSTENANCE,44,Indore,4.SUSTENANCE,530,474,56,0,0,0,241,0
31/10/22,indore,5.COMMITTED,44,Indore,5.COMMITTED,1261,201,1060,0,0,0,1394,0
31/10/22,indore,6.CHURN_OTB,44,Indore,6.CHURN_OTB,709,612,97,0,0,0,901,0
31/10/22,indore,7.SOFT_CHURN,44,Indore,7.SOFT_CHURN,602,316,286,0,0,0,551,0
31/10/22,indore,8.DORMANT,44,Indore,8.DORMANT,16882,4009,12873,0,0,0,5664,0
31/10/22,indore,9.INACTIVE,44,Indore,9.INACTIVE,28287,4019,24268,0,0,0,7554,0
31/10/22,jaipur,0.NEW,44,Jaipur,0.NEW,66390,400,65990,0,0,0,14200,0
31/10/22,jaipur,1.HANDHOLDING,44,Jaipur,1.HANDHOLDING,17575,49393,-31818,0,0,0,13778,108
31/10/22,jaipur,2.HOOK,44,Jaipur,2.HOOK,32995,19965,13030,20,0,20,23673,240
31/10/22,jaipur,3.DETOX,44,Jaipur,3.DETOX,53342,11609,41733,62,0,62,50022.78,742
31/10/22,jaipur,4.SUSTENANCE,44,Jaipur,4.SUSTENANCE,5588,739,4849,193,0,193,2721,7
31/10/22,jaipur,5.COMMITTED,44,Jaipur,5.COMMITTED,16917,1195,15722,0,0,0,13976,104
31/10/22,jaipur,6.CHURN_OTB,44,Jaipur,6.CHURN_OTB,21381,2866,18515,33,0,33,13514,351
31/10/22,jaipur,7.SOFT_CHURN,44,Jaipur,7.SOFT_CHURN,8813,675,8138,0,0,0,3422,27
31/10/22,jaipur,8.DORMANT,44,Jaipur,8.DORMANT,53298,6466,46832,0,0,0,16972.96,161
31/10/22,jaipur,9.INACTIVE,44,Jaipur,9.INACTIVE,58068,7476,50592,0,0,0,14203,0
31/10/22,kolkata,0.NEW,44,Kolkata,0.NEW,54147,190,53957,0,0,0,12571,0
31/10/22,kolkata,1.HANDHOLDING,44,Kolkata,1.HANDHOLDING,9465,52520,-43055,0,0,0,9395,23
31/10/22,kolkata,2.HOOK,44,Kolkata,2.HOOK,5395,7761,-2366,60,0,60,3954,168
31/10/22,kolkata,3.DETOX,44,Kolkata,3.DETOX,2061,2055,6,491,0,491,1883,621
31/10/22,kolkata,4.SUSTENANCE,44,Kolkata,4.SUSTENANCE,1490,589,901,0,0,0,1130,50
31/10/22,kolkata,5.COMMITTED,44,Kolkata,5.COMMITTED,3245,480,2765,120,0,120,2911,116
31/10/22,kolkata,6.CHURN_OTB,44,Kolkata,6.CHURN_OTB,1343,818.15,524.85,168,0,168,1083,241
31/10/22,kolkata,7.SOFT_CHURN,44,Kolkata,7.SOFT_CHURN,931,474,457,20,0,20,579,0
31/10/22,kolkata,8.DORMANT,44,Kolkata,8.DORMANT,13922,4904,9018,85,0,85,4004,51
31/10/22,kolkata,9.INACTIVE,44,Kolkata,9.INACTIVE,29624,3494,26130,0,0,0,5766,0
31/10/22,lucknow,0.NEW,44,Lucknow,0.NEW,25157,50,25107,0,0,0,6152,0
31/10/22,lucknow,1.HANDHOLDING,44,Lucknow,1.HANDHOLDING,10293,31995,-21702,0,0,0,7699,14
31/10/22,lucknow,2.HOOK,44,Lucknow,2.HOOK,2827,15418,-12591,0,0,0,3280,112
31/10/22,lucknow,3.DETOX,44,Lucknow,3.DETOX,1749,3238,-1489,40,0,40,2776,314
31/10/22,lucknow,4.SUSTENANCE,44,Lucknow,4.SUSTENANCE,464,236,228,0,0,0,319,0
31/10/22,lucknow,5.COMMITTED,44,Lucknow,5.COMMITTED,571,328,243,0,0,0,374,44
31/10/22,lucknow,6.CHURN_OTB,44,Lucknow,6.CHURN_OTB,793,1637,-844,0,0,0,868,75
31/10/22,lucknow,7.SOFT_CHURN,44,Lucknow,7.SOFT_CHURN,721,344,377,0,0,0,352,0
31/10/22,lucknow,8.DORMANT,44,Lucknow,8.DORMANT,21032,2241,18791,72,0,72,5845,98
31/10/22,lucknow,9.INACTIVE,44,Lucknow,9.INACTIVE,21503,2221,19282,0,0,0,4520,0
31/10/22,mumbai,0.NEW,44,Mumbai,0.NEW,56364,150,56214,0,0,0,12044,0
31/10/22,mumbai,1.HANDHOLDING,44,Mumbai,1.HANDHOLDING,15931,82422.75,-66491.75,0,0,0,18328.33,121
31/10/22,mumbai,2.HOOK,44,Mumbai,2.HOOK,4472,6282,-1810,0,0,0,5076,301
31/10/22,mumbai,3.DETOX,44,Mumbai,3.DETOX,1335,1378,-43,100,0,100,2103,756
31/10/22,mumbai,4.SUSTENANCE,44,Mumbai,4.SUSTENANCE,1523,1065,458,0,0,0,1308,45
31/10/22,mumbai,5.COMMITTED,44,Mumbai,5.COMMITTED,3837,745,3092,60,0,60,3936,608
31/10/22,mumbai,6.CHURN_OTB,44,Mumbai,6.CHURN_OTB,1440,1066,374,95,0,95,1650,236
31/10/22,mumbai,7.SOFT_CHURN,44,Mumbai,7.SOFT_CHURN,791,586,205,0,0,0,585,9
31/10/22,mumbai,8.DORMANT,44,Mumbai,8.DORMANT,17717,8622,9095,40,0,40,7512,70
31/10/22,mumbai,9.INACTIVE,44,Mumbai,9.INACTIVE,57619,45612,12007,0,0,0,19178,0
07/11/22,bangalore,0.NEW,45,Bangalore,0.NEW,173855,4581,169274,0,0,0,26142.09,0
07/11/22,bangalore,1.HANDHOLDING,45,Bangalore,1.HANDHOLDING,41662,401345,-359683,60,0,60,22674.1,50
07/11/22,bangalore,2.HOOK,45,Bangalore,2.HOOK,8456,4761,3695,102,0,102,4871,126
07/11/22,bangalore,3.DETOX,45,Bangalore,3.DETOX,3881,1891,1990,124,0,124,2623,811
07/11/22,bangalore,4.SUSTENANCE,45,Bangalore,4.SUSTENANCE,4635,3646,989,63,0,63,2076,50
07/11/22,bangalore,5.COMMITTED,45,Bangalore,5.COMMITTED,9947,1992.95,7954.05,303,0,303,5455.04,453
07/11/22,bangalore,6.CHURN_OTB,45,Bangalore,6.CHURN_OTB,2833,2968,-135,20,0,20,1472,41
07/11/22,bangalore,7.SOFT_CHURN,45,Bangalore,7.SOFT_CHURN,1187,1341,-154,20,0,20,490,10
07/11/22,bangalore,8.DORMANT,45,Bangalore,8.DORMANT,30070,37355,-7285,65,0,65,12050,95
07/11/22,bangalore,9.INACTIVE,45,Bangalore,9.INACTIVE,73279,242191,-168912,0,0,0,27731,0
07/11/22,chandigarh,0.NEW,45,Chandigarh,0.NEW,31528,50,31478,0,0,0,9034,0
07/11/22,chandigarh,1.HANDHOLDING,45,Chandigarh,1.HANDHOLDING,22150,46809,-24659,0,0,0,14496,46
07/11/22,chandigarh,2.HOOK,45,Chandigarh,2.HOOK,5721,12839,-7118,0,0,0,4868,70
07/11/22,chandigarh,3.DETOX,45,Chandigarh,3.DETOX,4400,4722,-322,96,0,96,4616,248
07/11/22,chandigarh,4.SUSTENANCE,45,Chandigarh,4.SUSTENANCE,688,228,460,10,0,10,471,10
07/11/22,chandigarh,5.COMMITTED,45,Chandigarh,5.COMMITTED,4161,1500,2661,50,0,50,3325,72
07/11/22,chandigarh,6.CHURN_OTB,45,Chandigarh,6.CHURN_OTB,1200,1641,-441,0,0,0,953,25
07/11/22,chandigarh,7.SOFT_CHURN,45,Chandigarh,7.SOFT_CHURN,784,84,700,0,0,0,319,10
07/11/22,chandigarh,8.DORMANT,45,Chandigarh,8.DORMANT,20600,1266,19334,119,0,119,6274,60
07/11/22,chandigarh,9.INACTIVE,45,Chandigarh,9.INACTIVE,20424,1760,18664,0,0,0,5102,0
07/11/22,chennai,0.NEW,45,Chennai,0.NEW,75397,100,75297,0,0,0,16869,0
07/11/22,chennai,1.HANDHOLDING,45,Chennai,1.HANDHOLDING,50203,133820,-83617,123,0,123,31381,50
07/11/22,chennai,2.HOOK,45,Chennai,2.HOOK,8638,25231,-16593,60,0,60,7316,123
07/11/22,chennai,3.DETOX,45,Chennai,3.DETOX,2545,6449,-3904,100,0,100,2920,319
07/11/22,chennai,4.SUSTENANCE,45,Chennai,4.SUSTENANCE,2267,1100,1167,0,0,0,1283,1
07/11/22,chennai,5.COMMITTED,45,Chennai,5.COMMITTED,4456,723,3733,154,0,154,3595,309
07/11/22,chennai,6.CHURN_OTB,45,Chennai,6.CHURN_OTB,2159,2102,57,0,0,0,1235,39
07/11/22,chennai,7.SOFT_CHURN,45,Chennai,7.SOFT_CHURN,1292,743,549,11,0,11,568,11
07/11/22,chennai,8.DORMANT,45,Chennai,8.DORMANT,48448,5591,42857,0,0,0,10705,4
07/11/22,chennai,9.INACTIVE,45,Chennai,9.INACTIVE,85416,8815,76601,0,0,0,18743,0
07/11/22,delhi,0.NEW,45,Delhi,0.NEW,135886,490,135396,0,0,0,35155,0
07/11/22,delhi,1.HANDHOLDING,45,Delhi,1.HANDHOLDING,78012,217436,-139424,20,0,20,60903,167
07/11/22,delhi,2.HOOK,45,Delhi,2.HOOK,17348,65401.14,-48053.14,259,0,259,18632.6,853
07/11/22,delhi,3.DETOX,45,Delhi,3.DETOX,10645,17235,-6590,808,0,808,13063,2446
07/11/22,delhi,4.SUSTENANCE,45,Delhi,4.SUSTENANCE,3270,1646,1624,0,0,0,2481,50
07/11/22,delhi,5.COMMITTED,45,Delhi,5.COMMITTED,9917,7150,2767,164,0,164,11830.26,890
07/11/22,delhi,6.CHURN_OTB,45,Delhi,6.CHURN_OTB,5207,8600,-3393,20,0,20,4224,109
07/11/22,delhi,7.SOFT_CHURN,45,Delhi,7.SOFT_CHURN,2766,731,2035,0,0,0,991,6
07/11/22,delhi,8.DORMANT,45,Delhi,8.DORMANT,111369,7516,103853,45,0,45,34202.09,575
07/11/22,delhi,9.INACTIVE,45,Delhi,9.INACTIVE,117808,7961,109847,0,0,0,28679,57
07/11/22,hyderabad,0.NEW,45,Hyderabad,0.NEW,32328,495,31833,0,0,0,11983,0
07/11/22,hyderabad,1.HANDHOLDING,45,Hyderabad,1.HANDHOLDING,31587,49885.62,-18298.62,126,0,126,26070.38,119
07/11/22,hyderabad,2.HOOK,45,Hyderabad,2.HOOK,79775,136391,-56616,250,0,250,88709,1086
07/11/22,hyderabad,3.DETOX,45,Hyderabad,3.DETOX,24228,20023,4205,389,0,389,37337.75,2156.95
07/11/22,hyderabad,4.SUSTENANCE,45,Hyderabad,4.SUSTENANCE,15400,8657,6743,70,0,70,12231,129
07/11/22,hyderabad,5.COMMITTED,45,Hyderabad,5.COMMITTED,26843,7464.8,19378.2,312,0,312,28010.2,1091
07/11/22,hyderabad,6.CHURN_OTB,45,Hyderabad,6.CHURN_OTB,7510,6206,1304,40,0,40,5921,198
07/11/22,hyderabad,7.SOFT_CHURN,45,Hyderabad,7.SOFT_CHURN,6221,2843,3378,20,0,20,2806,115
07/11/22,hyderabad,8.DORMANT,45,Hyderabad,8.DORMANT,83695,39233,44462,30,0,30,30270,245
07/11/22,hyderabad,9.INACTIVE,45,Hyderabad,9.INACTIVE,121156,91761,29395,0,0,0,39462,0
07/11/22,indore,0.NEW,45,Indore,0.NEW,38495,50,38445,0,0,0,10338,0
07/11/22,indore,1.HANDHOLDING,45,Indore,1.HANDHOLDING,23152,53446,-30294,0,0,0,14736,0
07/11/22,indore,2.HOOK,45,Indore,2.HOOK,3954,11458,-7504,0,0,0,3763,0
07/11/22,indore,3.DETOX,45,Indore,3.DETOX,1146,2888,-1742,0,0,0,1662,0
07/11/22,indore,4.SUSTENANCE,45,Indore,4.SUSTENANCE,509,174,335,0,0,0,367,0
07/11/22,indore,5.COMMITTED,45,Indore,5.COMMITTED,861,164,697,0,0,0,937,0
07/11/22,indore,6.CHURN_OTB,45,Indore,6.CHURN_OTB,679,990,-311,0,0,0,544,0
07/11/22,indore,7.SOFT_CHURN,45,Indore,7.SOFT_CHURN,452,277,175,0,0,0,165,0
07/11/22,indore,8.DORMANT,45,Indore,8.DORMANT,18478,1652,16826,0,0,0,5476,0
07/11/22,indore,9.INACTIVE,45,Indore,9.INACTIVE,31132,1862,29270,0,0,0,8595,0
07/11/22,jaipur,0.NEW,45,Jaipur,0.NEW,63721,120,63601,0,0,0,12010,0
07/11/22,jaipur,1.HANDHOLDING,45,Jaipur,1.HANDHOLDING,24486,78885,-54399,0,0,0,19234,70
07/11/22,jaipur,2.HOOK,45,Jaipur,2.HOOK,36832,43265,-6433,5,0,5,28164,382
07/11/22,jaipur,3.DETOX,45,Jaipur,3.DETOX,53405,26883,26522,48,0,48,48110.2,788
07/11/22,jaipur,4.SUSTENANCE,45,Jaipur,4.SUSTENANCE,5296,930,4366,0,0,0,2241,13
07/11/22,jaipur,5.COMMITTED,45,Jaipur,5.COMMITTED,16142,2003,14139,0,0,0,12633,121
07/11/22,jaipur,6.CHURN_OTB,45,Jaipur,6.CHURN_OTB,11800,6422.04,5377.96,51,0,51,8300,67
07/11/22,jaipur,7.SOFT_CHURN,45,Jaipur,7.SOFT_CHURN,3673,1000,2673,0,0,0,1253,10
07/11/22,jaipur,8.DORMANT,45,Jaipur,8.DORMANT,48627,5871,42756,186,0,186,16582,173
07/11/22,jaipur,9.INACTIVE,45,Jaipur,9.INACTIVE,56232,5732,50500,0,0,0,13699,0
07/11/22,kolkata,0.NEW,45,Kolkata,0.NEW,51885,300,51585,0,0,0,12480,0
07/11/22,kolkata,1.HANDHOLDING,45,Kolkata,1.HANDHOLDING,9713,59862,-50149,20,0,20,10348,28
07/11/22,kolkata,2.HOOK,45,Kolkata,2.HOOK,5516,10648,-5132,44,0,44,4646,314
07/11/22,kolkata,3.DETOX,45,Kolkata,3.DETOX,2239,2411,-172,157,0,157,1915,308
07/11/22,kolkata,4.SUSTENANCE,45,Kolkata,4.SUSTENANCE,1347,512,835,0,0,0,941.13,24
07/11/22,kolkata,5.COMMITTED,45,Kolkata,5.COMMITTED,3328,519,2809,154,0,154,2232,181
07/11/22,kolkata,6.CHURN_OTB,45,Kolkata,6.CHURN_OTB,1109,804,305,132,0,132,626,127
07/11/22,kolkata,7.SOFT_CHURN,45,Kolkata,7.SOFT_CHURN,391,251,140,20,0,20,209,0
07/11/22,kolkata,8.DORMANT,45,Kolkata,8.DORMANT,13814,3664,10150,117,0,117,4051,57
07/11/22,kolkata,9.INACTIVE,45,Kolkata,9.INACTIVE,32895,2535,30360,0,0,0,6693,0
07/11/22,lucknow,0.NEW,45,Lucknow,0.NEW,24892,0,24892,0,0,0,5994,0
07/11/22,lucknow,1.HANDHOLDING,45,Lucknow,1.HANDHOLDING,18708,36274,-17566,0,0,0,11213,29
07/11/22,lucknow,2.HOOK,45,Lucknow,2.HOOK,3906,15408,-11502,0,0,0,3661,77
07/11/22,lucknow,3.DETOX,45,Lucknow,3.DETOX,2458,3135,-677,47,0,47,2768,477
07/11/22,lucknow,4.SUSTENANCE,45,Lucknow,4.SUSTENANCE,639,270,369,0,0,0,370,0
07/11/22,lucknow,5.COMMITTED,45,Lucknow,5.COMMITTED,724,185,539,0,0,0,284,0
07/11/22,lucknow,6.CHURN_OTB,45,Lucknow,6.CHURN_OTB,785,1369,-584,0,0,0,644,13
07/11/22,lucknow,7.SOFT_CHURN,45,Lucknow,7.SOFT_CHURN,508,220,288,0,0,0,221,0
07/11/22,lucknow,8.DORMANT,45,Lucknow,8.DORMANT,19662,1512,18150,3,0,3,5204,43
07/11/22,lucknow,9.INACTIVE,45,Lucknow,9.INACTIVE,21228.5,1107,20121.5,0,0,0,4805,6
07/11/22,mumbai,0.NEW,45,Mumbai,0.NEW,70327,256,70071,0,0,0,18128,0
07/11/22,mumbai,1.HANDHOLDING,45,Mumbai,1.HANDHOLDING,17950,76279,-58329,0,0,0,26856.9,239
07/11/22,mumbai,2.HOOK,45,Mumbai,2.HOOK,6888,7597.67,-709.67,24,0,24,4245,126
07/11/22,mumbai,3.DETOX,45,Mumbai,3.DETOX,2355,1480,875,133,0,133,2115,547
07/11/22,mumbai,4.SUSTENANCE,45,Mumbai,4.SUSTENANCE,2415,989,1426,0,0,0,1821,84
07/11/22,mumbai,5.COMMITTED,45,Mumbai,5.COMMITTED,3693,605,3088,64,0,64,3698,498
07/11/22,mumbai,6.CHURN_OTB,45,Mumbai,6.CHURN_OTB,1618,1064,554,20,0,20,957,20
07/11/22,mumbai,7.SOFT_CHURN,45,Mumbai,7.SOFT_CHURN,977,512,465,0,0,0,357,0
07/11/22,mumbai,8.DORMANT,45,Mumbai,8.DORMANT,20895,6967,13928,0,0,0,6058.5,49
07/11/22,mumbai,9.INACTIVE,45,Mumbai,9.INACTIVE,64971,39378,25593,0,0,0,15782,0
14/11/22,bangalore,0.NEW,46,Bangalore,0.NEW,455749,390,455359,0,0,0,58430,0
14/11/22,bangalore,1.HANDHOLDING,46,Bangalore,1.HANDHOLDING,271351,35203,236148,0,0,0,40996,876
14/11/22,bangalore,2.HOOK,46,Bangalore,2.HOOK,149203,3502,145701,50,0,50,50624.07,4319
14/11/22,bangalore,3.DETOX,46,Bangalore,3.DETOX,123642,1117,122525,130,0,130,26478.82,16041.82
14/11/22,bangalore,4.SUSTENANCE,46,Bangalore,4.SUSTENANCE,88031,1934,86097,20,0,20,30719,1337
14/11/22,bangalore,5.COMMITTED,46,Bangalore,5.COMMITTED,323086,2032.96,321053.04,273,0,273,142427.13,17497
14/11/22,bangalore,6.CHURN_OTB,46,Bangalore,6.CHURN_OTB,41170,1076,40094,20,0,20,14292,1156
14/11/22,bangalore,7.SOFT_CHURN,46,Bangalore,7.SOFT_CHURN,15702,941,14761,0,0,0,4425,233
14/11/22,bangalore,8.DORMANT,46,Bangalore,8.DORMANT,299051,25987,273064,80,40,40,75502.69,1961
14/11/22,bangalore,9.INACTIVE,46,Bangalore,9.INACTIVE,582153,166593,415560,0,0,0,130107,44
14/11/22,chandigarh,0.NEW,46,Chandigarh,0.NEW,33171,0,33171,0,0,0,10501,0
14/11/22,chandigarh,1.HANDHOLDING,46,Chandigarh,1.HANDHOLDING,22242,39799,-17557,0,0,0,18276,272
14/11/22,chandigarh,2.HOOK,46,Chandigarh,2.HOOK,19347,13938.74,5408.26,5,0,5,13816.26,1240
14/11/22,chandigarh,3.DETOX,46,Chandigarh,3.DETOX,23172,5142,18030,60,0,60,18775,7517
14/11/22,chandigarh,4.SUSTENANCE,46,Chandigarh,4.SUSTENANCE,4899,317,4582,0,0,0,2772,111
14/11/22,chandigarh,5.COMMITTED,46,Chandigarh,5.COMMITTED,28101,1086,27015,31,0,31,21980,2936
14/11/22,chandigarh,6.CHURN_OTB,46,Chandigarh,6.CHURN_OTB,4466,1412,3054,0,0,0,2712,220
14/11/22,chandigarh,7.SOFT_CHURN,46,Chandigarh,7.SOFT_CHURN,2170,56,2114,0,0,0,928,92
14/11/22,chandigarh,8.DORMANT,46,Chandigarh,8.DORMANT,38822,1048,37774,0,0,0,13831,258
14/11/22,chandigarh,9.INACTIVE,46,Chandigarh,9.INACTIVE,27075,763,26312,0,0,0,7782,0
14/11/22,chennai,0.NEW,46,Chennai,0.NEW,88582,50,88532,0,0,0,22573,0
14/11/22,chennai,1.HANDHOLDING,46,Chennai,1.HANDHOLDING,39479,142584,-103105,0,0,0,37163,187
14/11/22,chennai,2.HOOK,46,Chennai,2.HOOK,48089,29535.5,18553.5,30,0,30,30208,1338
14/11/22,chennai,3.DETOX,46,Chennai,3.DETOX,25690,7867,17823,379,45,334,21278,8446
14/11/22,chennai,4.SUSTENANCE,46,Chennai,4.SUSTENANCE,17728,1068,16660,0,0,0,8725,113
14/11/22,chennai,5.COMMITTED,46,Chennai,5.COMMITTED,103601,683,102918,135,0,135,79357,5364
14/11/22,chennai,6.CHURN_OTB,46,Chennai,6.CHURN_OTB,12551,2195,10356,0,0,0,7033,407
14/11/22,chennai,7.SOFT_CHURN,46,Chennai,7.SOFT_CHURN,6166,736,5430,0,0,0,2791,86
14/11/22,chennai,8.DORMANT,46,Chennai,8.DORMANT,89372,3781,85591,20,23,-3,32383,700
14/11/22,chennai,9.INACTIVE,46,Chennai,9.INACTIVE,142112,4144,137968,0,0,0,28812,26
14/11/22,delhi,0.NEW,46,Delhi,0.NEW,149230,120,149110,0,0,0,38796,0
14/11/22,delhi,1.HANDHOLDING,46,Delhi,1.HANDHOLDING,65107,193872,-128765,0,0,0,73053,939
14/11/22,delhi,2.HOOK,46,Delhi,2.HOOK,94658,68173.94,26484.06,57,0,57,87744.78,7364.8
14/11/22,delhi,3.DETOX,46,Delhi,3.DETOX,181636,20072,161564,968,0,968,208138.75,81182.97
14/11/22,delhi,4.SUSTENANCE,46,Delhi,4.SUSTENANCE,24200,1750.91,22449.09,20,0,20,17096,426
14/11/22,delhi,5.COMMITTED,46,Delhi,5.COMMITTED,283564,1879,281685,285,0,285,284291.8,33960.03
14/11/22,delhi,6.CHURN_OTB,46,Delhi,6.CHURN_OTB,25457,8571,16886,43,0,43,20646,1050
14/11/22,delhi,7.SOFT_CHURN,46,Delhi,7.SOFT_CHURN,8862,386,8476,0,0,0,5440,171
14/11/22,delhi,8.DORMANT,46,Delhi,8.DORMANT,142066,4723.06,137342.94,136,0,136,71097,2041
14/11/22,delhi,9.INACTIVE,46,Delhi,9.INACTIVE,152561,4572,147989,0,0,0,45692,23
14/11/22,hyderabad,0.NEW,46,Hyderabad,0.NEW,44823,70,44753,0,0,0,17137,0
14/11/22,hyderabad,1.HANDHOLDING,46,Hyderabad,1.HANDHOLDING,70082,35369,34713,0,0,0,49155,686
14/11/22,hyderabad,2.HOOK,46,Hyderabad,2.HOOK,303867,100296.84,203570.16,123,0,123,163292.15,7967
14/11/22,hyderabad,3.DETOX,46,Hyderabad,3.DETOX,227419,17379,210040,488,0,488,176806.25,41817
14/11/22,hyderabad,4.SUSTENANCE,46,Hyderabad,4.SUSTENANCE,94595,5490,89105,0,0,0,48334,1925
14/11/22,hyderabad,5.COMMITTED,46,Hyderabad,5.COMMITTED,513084,5720,507364,356,0,356,352644,26612.94
14/11/22,hyderabad,6.CHURN_OTB,46,Hyderabad,6.CHURN_OTB,64615,6817,57798,40,0,40,34396,1368
14/11/22,hyderabad,7.SOFT_CHURN,46,Hyderabad,7.SOFT_CHURN,35562,3789,31773,58,0,58,16646,302
14/11/22,hyderabad,8.DORMANT,46,Hyderabad,8.DORMANT,304169,35274,268895,289,0,289,109678,3137
14/11/22,hyderabad,9.INACTIVE,46,Hyderabad,9.INACTIVE,246188,77007,169181,0,0,0,61148.98,17
14/11/22,indore,0.NEW,46,Indore,0.NEW,35609,0,35609,0,0,0,10211,0
14/11/22,indore,1.HANDHOLDING,46,Indore,1.HANDHOLDING,11178,54852.95,-43674.95,0,0,0,15483.05,0
14/11/22,indore,2.HOOK,46,Indore,2.HOOK,18402,11784,6618,0,0,0,13600.11,8
14/11/22,indore,3.DETOX,46,Indore,3.DETOX,15156,3134,12022,0,0,0,12991,0
14/11/22,indore,4.SUSTENANCE,46,Indore,4.SUSTENANCE,3221,227,2994,0,0,0,1728,0
14/11/22,indore,5.COMMITTED,46,Indore,5.COMMITTED,24317,116,24201,0,0,0,21675,0
14/11/22,indore,6.CHURN_OTB,46,Indore,6.CHURN_OTB,3674,925,2749,0,0,0,2310.95,0
14/11/22,indore,7.SOFT_CHURN,46,Indore,7.SOFT_CHURN,1853,263,1590,0,0,0,947,0
14/11/22,indore,8.DORMANT,46,Indore,8.DORMANT,24526,1288.44,23237.56,0,0,0,10337,0
14/11/22,indore,9.INACTIVE,46,Indore,9.INACTIVE,30100,1283,28817,0,0,0,7828,0
14/11/22,jaipur,0.NEW,46,Jaipur,0.NEW,35068,20,35048,0,0,0,9250,0
14/11/22,jaipur,1.HANDHOLDING,46,Jaipur,1.HANDHOLDING,21496,87911,-66415,0,0,0,21235,67
14/11/22,jaipur,2.HOOK,46,Jaipur,2.HOOK,48820,45098.34,3721.66,33,0,33,35728.13,1048
14/11/22,jaipur,3.DETOX,46,Jaipur,3.DETOX,66048,26678,39370,129,0,129,64658.5,3812
14/11/22,jaipur,4.SUSTENANCE,46,Jaipur,4.SUSTENANCE,8254,860,7394,0,0,0,4310,62
14/11/22,jaipur,5.COMMITTED,46,Jaipur,5.COMMITTED,36063,1924,34139,71,0,71,26000,742
14/11/22,jaipur,6.CHURN_OTB,46,Jaipur,6.CHURN_OTB,10365,6284.03,4080.97,0,0,0,7463,135
14/11/22,jaipur,7.SOFT_CHURN,46,Jaipur,7.SOFT_CHURN,4176,1473,2703,25,0,25,1595,52
14/11/22,jaipur,8.DORMANT,46,Jaipur,8.DORMANT,59967,4777,55190,80,0,80,23860,290
14/11/22,jaipur,9.INACTIVE,46,Jaipur,9.INACTIVE,53368,5504,47864,0,0,0,15326,0
14/11/22,kolkata,0.NEW,46,Kolkata,0.NEW,24447,0,24447,0,0,0,6390,0
14/11/22,kolkata,1.HANDHOLDING,46,Kolkata,1.HANDHOLDING,14038,61625,-47587,50,0,50,13469,35
14/11/22,kolkata,2.HOOK,46,Kolkata,2.HOOK,24579,10377,14202,250,0,250,11259,455
14/11/22,kolkata,3.DETOX,46,Kolkata,3.DETOX,18269,2201,16068,288,0,288,8597,2443
14/11/22,kolkata,4.SUSTENANCE,46,Kolkata,4.SUSTENANCE,9487,654,8833,0,0,0,4129,14
14/11/22,kolkata,5.COMMITTED,46,Kolkata,5.COMMITTED,48191,406,47785,291,0,291,23535,1358
14/11/22,kolkata,6.CHURN_OTB,46,Kolkata,6.CHURN_OTB,4797,651,4146,20,0,20,2187,69
14/11/22,kolkata,7.SOFT_CHURN,46,Kolkata,7.SOFT_CHURN,2036,185,1851,0,0,0,644,0
14/11/22,kolkata,8.DORMANT,46,Kolkata,8.DORMANT,29279,3660,25619,30,0,30,10052,142
14/11/22,kolkata,9.INACTIVE,46,Kolkata,9.INACTIVE,29907,2716,27191,0,0,0,7466,0
14/11/22,lucknow,0.NEW,46,Lucknow,0.NEW,29140,0,29140,0,0,0,8451,0
14/11/22,lucknow,1.HANDHOLDING,46,Lucknow,1.HANDHOLDING,13219,35704,-22485,0,0,0,12650,129
14/11/22,lucknow,2.HOOK,46,Lucknow,2.HOOK,18008,15934,2074,46,0,46,12163,756
14/11/22,lucknow,3.DETOX,46,Lucknow,3.DETOX,30818,3634,27184,214,0,214,24136.14,4579
14/11/22,lucknow,4.SUSTENANCE,46,Lucknow,4.SUSTENANCE,2634,329,2305,0,0,0,1606,48
14/11/22,lucknow,5.COMMITTED,46,Lucknow,5.COMMITTED,18749,241,18508,20,0,20,12606,1657
14/11/22,lucknow,6.CHURN_OTB,46,Lucknow,6.CHURN_OTB,3540,1172,2368,0,0,0,1781,79
14/11/22,lucknow,7.SOFT_CHURN,46,Lucknow,7.SOFT_CHURN,1446,67,1379,0,0,0,583,16
14/11/22,lucknow,8.DORMANT,46,Lucknow,8.DORMANT,23598,1219,22379,0,0,0,9021,274
14/11/22,lucknow,9.INACTIVE,46,Lucknow,9.INACTIVE,25716,684,25032,0,0,0,7224,4
14/11/22,mumbai,0.NEW,46,Mumbai,0.NEW,78648,100,78548,0,0,0,18502,0
14/11/22,mumbai,1.HANDHOLDING,46,Mumbai,1.HANDHOLDING,28581,82895.66,-54314.66,10,0,10,32120.34,677.34
14/11/22,mumbai,2.HOOK,46,Mumbai,2.HOOK,35916,8785.55,27130.45,28,0,28,22685.14,2762.64
14/11/22,mumbai,3.DETOX,46,Mumbai,3.DETOX,24410,2276,22134,92,0,92,20405,13620
14/11/22,mumbai,4.SUSTENANCE,46,Mumbai,4.SUSTENANCE,16022,879,15143,51,0,51,9691,857
14/11/22,mumbai,5.COMMITTED,46,Mumbai,5.COMMITTED,74602,598,74004,113,0,113,59041.15,10334.92
14/11/22,mumbai,6.CHURN_OTB,46,Mumbai,6.CHURN_OTB,7356,895,6461,0,0,0,3876,379
14/11/22,mumbai,7.SOFT_CHURN,46,Mumbai,7.SOFT_CHURN,3609,241,3368,0,0,0,1810,151
14/11/22,mumbai,8.DORMANT,46,Mumbai,8.DORMANT,52761,5021,47740,0,0,0,18885,516
14/11/22,mumbai,9.INACTIVE,46,Mumbai,9.INACTIVE,132710,29808,102902,0,0,0,33890,0
21/11/22,bangalore,0.NEW,47,Bangalore,0.NEW,584490,4436,580054,20,0,20,145074,142
21/11/22,bangalore,1.HANDHOLDING,47,Bangalore,1.HANDHOLDING,281934,160197,121737,76,303,-227,55262,912
21/11/22,bangalore,2.HOOK,47,Bangalore,2.HOOK,91626,75145.66,16480.34,115,1690,-1575,54785.89,3841.25
21/11/22,bangalore,3.DETOX,47,Bangalore,3.DETOX,136870,9928.18,126941.82,304,2971.18,-2667.18,31470,19377
21/11/22,bangalore,4.SUSTENANCE,47,Bangalore,4.SUSTENANCE,44556,37650,6906,60,444,-384,31347.44,888
21/11/22,bangalore,5.COMMITTED,47,Bangalore,5.COMMITTED,137132,63960.27,73171.73,271,3196,-2925,112071.53,12445
21/11/22,bangalore,6.CHURN_OTB,47,Bangalore,6.CHURN_OTB,23204,11570.68,11633.32,0,186,-186,10116.79,535
21/11/22,bangalore,7.SOFT_CHURN,47,Bangalore,7.SOFT_CHURN,11068,4878,6190,0,20,-20,3609.1,121
21/11/22,bangalore,8.DORMANT,47,Bangalore,8.DORMANT,197472,111941.93,85530.07,2,164,-162,60708.39,1032
21/11/22,bangalore,9.INACTIVE,47,Bangalore,9.INACTIVE,477485,494628.85,-17143.85,0,8,-8,160383.75,170
21/11/22,chandigarh,0.NEW,47,Chandigarh,0.NEW,10197,8,10189,0,0,0,4561,12
21/11/22,chandigarh,1.HANDHOLDING,47,Chandigarh,1.HANDHOLDING,4501,43859,-39358,0,22,-22,11218,182
21/11/22,chandigarh,2.HOOK,47,Chandigarh,2.HOOK,8308,23273,-14965,20,149,-129,10501,636
21/11/22,chandigarh,3.DETOX,47,Chandigarh,3.DETOX,18074,11577,6497,74,1207,-1133,22470,10172
21/11/22,chandigarh,4.SUSTENANCE,47,Chandigarh,4.SUSTENANCE,1883,2332,-449,20,9,11,2136,63
21/11/22,chandigarh,5.COMMITTED,47,Chandigarh,5.COMMITTED,10812,7298,3514,73,432,-359,15131,2044
21/11/22,chandigarh,6.CHURN_OTB,47,Chandigarh,6.CHURN_OTB,2470,3398,-928,30,8,22,2195,108
21/11/22,chandigarh,7.SOFT_CHURN,47,Chandigarh,7.SOFT_CHURN,1070,349,721,0,0,0,645,16
21/11/22,chandigarh,8.DORMANT,47,Chandigarh,8.DORMANT,9361,3878,5483,0,12,-12,4481.58,127
21/11/22,chandigarh,9.INACTIVE,47,Chandigarh,9.INACTIVE,8802,4544,4258,0,0,0,3478,16
21/11/22,chennai,0.NEW,47,Chennai,0.NEW,90642,36,90606,0,0,0,24353,20
21/11/22,chennai,1.HANDHOLDING,47,Chennai,1.HANDHOLDING,16342,144084,-127742,31,70,-39,24599,376
21/11/22,chennai,2.HOOK,47,Chennai,2.HOOK,29411,49905,-20494,73,588,-515,26955,1286
21/11/22,chennai,3.DETOX,47,Chennai,3.DETOX,20888,12243.55,8644.45,276,1868,-1592,24396.45,9950
21/11/22,chennai,4.SUSTENANCE,47,Chennai,4.SUSTENANCE,9656,9653,3,0,61,-61,9621,103
21/11/22,chennai,5.COMMITTED,47,Chennai,5.COMMITTED,39702,24409,15293,72,903,-831,54022,3392
21/11/22,chennai,6.CHURN_OTB,47,Chennai,6.CHURN_OTB,7095,5970,1125,40,59,-19,4952,284
21/11/22,chennai,7.SOFT_CHURN,47,Chennai,7.SOFT_CHURN,3167,1622,1545,0,0,0,1670,71
21/11/22,chennai,8.DORMANT,47,Chennai,8.DORMANT,46622,23842,22780,0,88,-88,21204,416
21/11/22,chennai,9.INACTIVE,47,Chennai,9.INACTIVE,112293,51272,61021,0,0,0,27742,36
21/11/22,delhi,0.NEW,47,Delhi,0.NEW,36760,152,36608,30,0,30,11564,28
21/11/22,delhi,1.HANDHOLDING,47,Delhi,1.HANDHOLDING,24385,193090.52,-168705.52,143,132,11,50170.98,635
21/11/22,delhi,2.HOOK,47,Delhi,2.HOOK,47711,79020.93,-31309.93,128,1036,-908,67048.53,4596
21/11/22,delhi,3.DETOX,47,Delhi,3.DETOX,150530,47702.35,102827.65,644,7436.3,-6792.3,237028.93,93391.72
21/11/22,delhi,4.SUSTENANCE,47,Delhi,4.SUSTENANCE,10570,12448,-1878,0,138,-138,12565.7,347
21/11/22,delhi,5.COMMITTED,47,Delhi,5.COMMITTED,82352,49995.23,32356.77,323,2891,-2568,160690.64,17678.97
21/11/22,delhi,6.CHURN_OTB,47,Delhi,6.CHURN_OTB,13727,11449,2278,189,150,39,14429.94,908
21/11/22,delhi,7.SOFT_CHURN,47,Delhi,7.SOFT_CHURN,5959,1927,4032,0,12,-12,4407,181
21/11/22,delhi,8.DORMANT,47,Delhi,8.DORMANT,49011,23669.73,25341.27,0,108,-108,28532.13,554
21/11/22,delhi,9.INACTIVE,47,Delhi,9.INACTIVE,59279,32769,26510,0,0,0,27753.29,49
21/11/22,hyderabad,0.NEW,47,Hyderabad,0.NEW,93613,224,93389,0,0,0,22960,42
21/11/22,hyderabad,1.HANDHOLDING,47,Hyderabad,1.HANDHOLDING,62771,75869.9,-13098.9,10,225,-215,57496.1,675
21/11/22,hyderabad,2.HOOK,47,Hyderabad,2.HOOK,136283,179998.05,-43715.05,193,1467,-1274,149328.02,6172
21/11/22,hyderabad,3.DETOX,47,Hyderabad,3.DETOX,179092,54290,124802,761,4668,-3907,228733.65,50065
21/11/22,hyderabad,4.SUSTENANCE,47,Hyderabad,4.SUSTENANCE,35902,44959,-9057,0,144,-144,42402,1460
21/11/22,hyderabad,5.COMMITTED,47,Hyderabad,5.COMMITTED,140058,111653,28405,371,2630,-2259,244060.45,16120.45
21/11/22,hyderabad,6.CHURN_OTB,47,Hyderabad,6.CHURN_OTB,28432,19552,8880,0,169,-169,22923.97,806
21/11/22,hyderabad,7.SOFT_CHURN,47,Hyderabad,7.SOFT_CHURN,15948,7541,8407,0,48,-48,9019,261
21/11/22,hyderabad,8.DORMANT,47,Hyderabad,8.DORMANT,163933,104436,59497,70,160,-90,71474.75,1244
21/11/22,hyderabad,9.INACTIVE,47,Hyderabad,9.INACTIVE,233519,162440,71079,0,0,0,68055,116
21/11/22,indore,0.NEW,47,Indore,0.NEW,7675,32,7643,0,0,0,2490,0
21/11/22,indore,1.HANDHOLDING,47,Indore,1.HANDHOLDING,5150,48180,-43030,0,0,0,9737,0
21/11/22,indore,2.HOOK,47,Indore,2.HOOK,11570,15468,-3898,0,0,0,10963.45,4
21/11/22,indore,3.DETOX,47,Indore,3.DETOX,15051,5877.05,9173.95,0,15,-15,17504,53
21/11/22,indore,4.SUSTENANCE,47,Indore,4.SUSTENANCE,2226,1835,391,0,0,0,1794,0
21/11/22,indore,5.COMMITTED,47,Indore,5.COMMITTED,10768,5715.59,5052.41,0,0,0,14714.41,0
21/11/22,indore,6.CHURN_OTB,47,Indore,6.CHURN_OTB,2582,1720,862,0,0,0,1915,0
21/11/22,indore,7.SOFT_CHURN,47,Indore,7.SOFT_CHURN,1699,611,1088,0,0,0,940,0
21/11/22,indore,8.DORMANT,47,Indore,8.DORMANT,12393,5131,7262,0,0,0,5463,12
21/11/22,indore,9.INACTIVE,47,Indore,9.INACTIVE,13853,6283,7570,0,0,0,4404,0
21/11/22,jaipur,0.NEW,47,Jaipur,0.NEW,15618,64,15554,0,0,0,4994,0
21/11/22,jaipur,1.HANDHOLDING,47,Jaipur,1.HANDHOLDING,9209,62332,-53123,0,30,-30,10906,84
21/11/22,jaipur,2.HOOK,47,Jaipur,2.HOOK,21825,35462.99,-13637.99,50,178,-128,18151,629
21/11/22,jaipur,3.DETOX,47,Jaipur,3.DETOX,36080,18438,17642,177,434,-257,37268,4064
21/11/22,jaipur,4.SUSTENANCE,47,Jaipur,4.SUSTENANCE,4339,3310,1029,0,16,-16,3271,58
21/11/22,jaipur,5.COMMITTED,47,Jaipur,5.COMMITTED,13526,5503,8023,43,184,-141,12389,588
21/11/22,jaipur,6.CHURN_OTB,47,Jaipur,6.CHURN_OTB,4568,4625,-57,0,21,-21,3087,63
21/11/22,jaipur,7.SOFT_CHURN,47,Jaipur,7.SOFT_CHURN,2270,862,1408,0,4,-4,1393,24
21/11/22,jaipur,8.DORMANT,47,Jaipur,8.DORMANT,27140,12742,14398,20,14,6,11800,153
21/11/22,jaipur,9.INACTIVE,47,Jaipur,9.INACTIVE,34335,17505,16830,0,2,-2,11986,79
21/11/22,kolkata,0.NEW,47,Kolkata,0.NEW,6353,20,6333,0,0,0,979,28
21/11/22,kolkata,1.HANDHOLDING,47,Kolkata,1.HANDHOLDING,8265,40245,-31980,20,4,16,7038,47
21/11/22,kolkata,2.HOOK,47,Kolkata,2.HOOK,15919,18112,-2193,0,124,-124,10860,287
21/11/22,kolkata,3.DETOX,47,Kolkata,3.DETOX,21612,4404,17208,537,333,204,15050,3424
21/11/22,kolkata,4.SUSTENANCE,47,Kolkata,4.SUSTENANCE,4958,3961.79,996.21,0,5,-5,3879,53
21/11/22,kolkata,5.COMMITTED,47,Kolkata,5.COMMITTED,23501,6642,16859,353,126,227,15659,877
21/11/22,kolkata,6.CHURN_OTB,47,Kolkata,6.CHURN_OTB,3279,1687,1592,0,8,-8,1586,17
21/11/22,kolkata,7.SOFT_CHURN,47,Kolkata,7.SOFT_CHURN,1525,500,1025,0,0,0,736,0
21/11/22,kolkata,8.DORMANT,47,Kolkata,8.DORMANT,17917,7624,10293,26,75,-49,6459,108
21/11/22,kolkata,9.INACTIVE,47,Kolkata,9.INACTIVE,18899,6130,12769,0,0,0,5240,38
21/11/22,lucknow,0.NEW,47,Lucknow,0.NEW,9551,1260,8291,0,0,0,3645,19
21/11/22,lucknow,1.HANDHOLDING,47,Lucknow,1.HANDHOLDING,5653,43049,-37396,0,33,-33,9521,112
21/11/22,lucknow,2.HOOK,47,Lucknow,2.HOOK,18051,17575,476,30,106,-76,14693.97,941
21/11/22,lucknow,3.DETOX,47,Lucknow,3.DETOX,36187,8683,27504,187,570,-383,38378.86,6604
21/11/22,lucknow,4.SUSTENANCE,47,Lucknow,4.SUSTENANCE,2517,1377,1140,13,12,1,2191,128
21/11/22,lucknow,5.COMMITTED,47,Lucknow,5.COMMITTED,16742,2964,13778,84,196,-112,17376,2570
21/11/22,lucknow,6.CHURN_OTB,47,Lucknow,6.CHURN_OTB,2738,1662,1076,0,12,-12,1953,108
21/11/22,lucknow,7.SOFT_CHURN,47,Lucknow,7.SOFT_CHURN,1421,308,1113,0,0,0,729,12
21/11/22,lucknow,8.DORMANT,47,Lucknow,8.DORMANT,10629,3706,6923,0,60,-60,4304,262
21/11/22,lucknow,9.INACTIVE,47,Lucknow,9.INACTIVE,11633,4090,7543,0,0,0,3899,32
21/11/22,mumbai,0.NEW,47,Mumbai,0.NEW,83754,72,83682,0,0,0,22932.5,29
21/11/22,mumbai,1.HANDHOLDING,47,Mumbai,1.HANDHOLDING,22604,100064,-77460,15,160,-145,37547,687
21/11/22,mumbai,2.HOOK,47,Mumbai,2.HOOK,25492,26358.36,-866.36,22,503.36,-481.36,24207.95,2114
21/11/22,mumbai,3.DETOX,47,Mumbai,3.DETOX,22297,5717,16580,181,1209,-1028,25768,17466
21/11/22,mumbai,4.SUSTENANCE,47,Mumbai,4.SUSTENANCE,9353,7834,1519,0,164,-164,10407,538
21/11/22,mumbai,5.COMMITTED,47,Mumbai,5.COMMITTED,38883,15925.08,22957.92,20,956.08,-936.08,50888.77,7807
21/11/22,mumbai,6.CHURN_OTB,47,Mumbai,6.CHURN_OTB,5250,3390,1860,0,95,-95,3875,283
21/11/22,mumbai,7.SOFT_CHURN,47,Mumbai,7.SOFT_CHURN,2624,917,1707,0,8,-8,1656,58
21/11/22,mumbai,8.DORMANT,47,Mumbai,8.DORMANT,34227,16968,17259,20,48,-28,15111.48,394
21/11/22,mumbai,9.INACTIVE,47,Mumbai,9.INACTIVE,112847,69306.51,43540.49,0,0,0,36849.49,16
28/11/22,bangalore,0.NEW,48,Bangalore,0.NEW,717870,6733,711137,0,8,-8,192682,187
28/11/22,bangalore,1.HANDHOLDING,48,Bangalore,1.HANDHOLDING,277856,188879,88977,0,660,-660,46427,1316
28/11/22,bangalore,2.HOOK,48,Bangalore,2.HOOK,74093,69958.56,4134.44,80,1596,-1516,26872,2132
28/11/22,bangalore,3.DETOX,48,Bangalore,3.DETOX,135669,12510,123159,261,3790,-3529,23040,13747
28/11/22,bangalore,4.SUSTENANCE,48,Bangalore,4.SUSTENANCE,33550,31022,2528,60,476,-416,13442,536
28/11/22,bangalore,5.COMMITTED,48,Bangalore,5.COMMITTED,91788,41084.83,50703.17,321,2262,-1941,40832.11,5686.73
28/11/22,bangalore,6.CHURN_OTB,48,Bangalore,6.CHURN_OTB,23914,12013,11901,0,224,-224,6967.2,571.2
28/11/22,bangalore,7.SOFT_CHURN,48,Bangalore,7.SOFT_CHURN,12004,7017.21,4986.79,10,48,-38,3541,142
28/11/22,bangalore,8.DORMANT,48,Bangalore,8.DORMANT,193763,123606.62,70156.38,0,288,-288,42561,1185
28/11/22,bangalore,9.INACTIVE,48,Bangalore,9.INACTIVE,450196,665975,-215779,0,12,-12,121834.44,261.44
28/11/22,chandigarh,0.NEW,48,Chandigarh,0.NEW,8279,32,8247,0,0,0,3255,39
28/11/22,chandigarh,1.HANDHOLDING,48,Chandigarh,1.HANDHOLDING,4301,14894,-10593,0,64,-64,4829,188
28/11/22,chandigarh,2.HOOK,48,Chandigarh,2.HOOK,6594,9029.42,-2435.42,20,193,-173,4239,359
28/11/22,chandigarh,3.DETOX,48,Chandigarh,3.DETOX,18388,7358,11030,76,1779,-1703,17515,9315
28/11/22,chandigarh,4.SUSTENANCE,48,Chandigarh,4.SUSTENANCE,1418,2171,-753,0,32,-32,1116,20
28/11/22,chandigarh,5.COMMITTED,48,Chandigarh,5.COMMITTED,6277,4398,1879,40,240,-200,4776,793
28/11/22,chandigarh,6.CHURN_OTB,48,Chandigarh,6.CHURN_OTB,2961,1885,1076,0,53,-53,1853,136
28/11/22,chandigarh,7.SOFT_CHURN,48,Chandigarh,7.SOFT_CHURN,1368,814,554,5,8,-3,619,108
28/11/22,chandigarh,8.DORMANT,48,Chandigarh,8.DORMANT,9524,4654,4870,0,24,-24,3910,111
28/11/22,chandigarh,9.INACTIVE,48,Chandigarh,9.INACTIVE,8464,6277,2187,0,0,0,2630,4
28/11/22,chennai,0.NEW,48,Chennai,0.NEW,91644,60,91584,0,0,0,22431,28
28/11/22,chennai,1.HANDHOLDING,48,Chennai,1.HANDHOLDING,17461,119868,-102407,10,132,-122,22078,360
28/11/22,chennai,2.HOOK,48,Chennai,2.HOOK,25428,36883,-11455,67,458,-391,15770,1041
28/11/22,chennai,3.DETOX,48,Chennai,3.DETOX,23997,12731,11266,211,2409,-2198,23353,8989
28/11/22,chennai,4.SUSTENANCE,48,Chennai,4.SUSTENANCE,7905,8840,-935,21,48,-27,4482,106
28/11/22,chennai,5.COMMITTED,48,Chennai,5.COMMITTED,21323,15051,6272,174,603,-429,17071,1382
28/11/22,chennai,6.CHURN_OTB,48,Chennai,6.CHURN_OTB,8003,5652,2351,20,88,-68,4865,232
28/11/22,chennai,7.SOFT_CHURN,48,Chennai,7.SOFT_CHURN,4389,2654,1735,0,24,-24,2276,45
28/11/22,chennai,8.DORMANT,48,Chennai,8.DORMANT,49656,26926,22730,0,149,-149,18632.81,433
28/11/22,chennai,9.INACTIVE,48,Chennai,9.INACTIVE,114299,58858,55441,0,4,-4,25634,9
28/11/22,delhi,0.NEW,48,Delhi,0.NEW,32749,116,32633,0,4,-4,10187,191
28/11/22,delhi,1.HANDHOLDING,48,Delhi,1.HANDHOLDING,24638,89537.46,-64899.46,74,276,-202,28502,952
28/11/22,delhi,2.HOOK,48,Delhi,2.HOOK,34124,52872.52,-18748.52,152,1085,-933,29285,2173
28/11/22,delhi,3.DETOX,48,Delhi,3.DETOX,134318,57411.4,76906.6,600,12611.93,-12011.93,177972.39,69876.2
28/11/22,delhi,4.SUSTENANCE,48,Delhi,4.SUSTENANCE,7221,12655,-5434,0,98,-98,5704,142
28/11/22,delhi,5.COMMITTED,48,Delhi,5.COMMITTED,34304,32051.55,2252.45,482,1835,-1353,40488.53,5565.48
28/11/22,delhi,6.CHURN_OTB,48,Delhi,6.CHURN_OTB,12679,10377,2302,10,210,-200,11049,728
28/11/22,delhi,7.SOFT_CHURN,48,Delhi,7.SOFT_CHURN,6431,4613.5,1817.5,0,52,-52,4033,97
28/11/22,delhi,8.DORMANT,48,Delhi,8.DORMANT,76172,29297,46875,7,126,-119,31936,743
28/11/22,delhi,9.INACTIVE,48,Delhi,9.INACTIVE,49885,32081.89,17803.11,0,4,-4,18512,109
28/11/22,hyderabad,0.NEW,48,Hyderabad,0.NEW,180397,204,180193,0,0,0,44718,147
28/11/22,hyderabad,1.HANDHOLDING,48,Hyderabad,1.HANDHOLDING,66560,138345,-71785,140,344,-204,59696,1453
28/11/22,hyderabad,2.HOOK,48,Hyderabad,2.HOOK,100368,147311.25,-46943.25,322,1892,-1570,61120.58,3317.18
28/11/22,hyderabad,3.DETOX,48,Hyderabad,3.DETOX,159182,67374.85,91807.15,690,8152,-7462,170352.66,40419.15
28/11/22,hyderabad,4.SUSTENANCE,48,Hyderabad,4.SUSTENANCE,25354,36956,-11602,0,231,-231,17189.06,469
28/11/22,hyderabad,5.COMMITTED,48,Hyderabad,5.COMMITTED,64122,61339.46,2782.54,175,1675.55,-1500.55,61029.58,5672
28/11/22,hyderabad,6.CHURN_OTB,48,Hyderabad,6.CHURN_OTB,28234,21720,6514,0,294,-294,17268,735
28/11/22,hyderabad,7.SOFT_CHURN,48,Hyderabad,7.SOFT_CHURN,18151,12385,5766,20,108,-88,8456,165
28/11/22,hyderabad,8.DORMANT,48,Hyderabad,8.DORMANT,196331,110392,85939,40,364,-324,67030,1776
28/11/22,hyderabad,9.INACTIVE,48,Hyderabad,9.INACTIVE,313279,182578,130701,20,12,8,73885.12,303
28/11/22,indore,0.NEW,48,Indore,0.NEW,5669,44,5625,0,0,0,2268,0
28/11/22,indore,1.HANDHOLDING,48,Indore,1.HANDHOLDING,6151,18030,-11879,0,0,0,5772,0
28/11/22,indore,2.HOOK,48,Indore,2.HOOK,10996,12741.76,-1745.76,0,9,-9,6807.24,20
28/11/22,indore,3.DETOX,48,Indore,3.DETOX,14563,7926,6637,47,8,39,15480,21
28/11/22,indore,4.SUSTENANCE,48,Indore,4.SUSTENANCE,2392,2178,214,0,0,0,1336,0
28/11/22,indore,5.COMMITTED,48,Indore,5.COMMITTED,8507,4489.89,4017.11,0,0,0,7743,48
28/11/22,indore,6.CHURN_OTB,48,Indore,6.CHURN_OTB,2972,2226,746,0,0,0,1980,0
28/11/22,indore,7.SOFT_CHURN,48,Indore,7.SOFT_CHURN,1540,1105,435,0,0,0,704,0
28/11/22,indore,8.DORMANT,48,Indore,8.DORMANT,13409,7743,5666,0,0,0,5090,0
28/11/22,indore,9.INACTIVE,48,Indore,9.INACTIVE,12845,11118,1727,0,0,0,3507,0
28/11/22,jaipur,0.NEW,48,Jaipur,0.NEW,14112,60,14052,0,0,0,4076,20
28/11/22,jaipur,1.HANDHOLDING,48,Jaipur,1.HANDHOLDING,10009,23094,-13085,0,56,-56,7692,196
28/11/22,jaipur,2.HOOK,48,Jaipur,2.HOOK,18474,19117,-643,30,206,-176,10120,523
28/11/22,jaipur,3.DETOX,48,Jaipur,3.DETOX,31376,11682.44,19693.56,172,790,-618,25922.76,3516
28/11/22,jaipur,4.SUSTENANCE,48,Jaipur,4.SUSTENANCE,3739,3986,-247,0,0,0,1845,33
28/11/22,jaipur,5.COMMITTED,48,Jaipur,5.COMMITTED,9907,4087.5,5819.5,0,106,-106,5800,330
28/11/22,jaipur,6.CHURN_OTB,48,Jaipur,6.CHURN_OTB,4682,3235,1447,0,91,-91,2333,102
28/11/22,jaipur,7.SOFT_CHURN,48,Jaipur,7.SOFT_CHURN,2460,2018,442,0,4,-4,1151,23
28/11/22,jaipur,8.DORMANT,48,Jaipur,8.DORMANT,27781,16889.2,10891.8,73,233,-160,10380.8,159
28/11/22,jaipur,9.INACTIVE,48,Jaipur,9.INACTIVE,35013,26797,8216,0,0,0,11023,44
28/11/22,kolkata,0.NEW,48,Kolkata,0.NEW,6532,76,6456,0,0,0,1520,0
28/11/22,kolkata,1.HANDHOLDING,48,Kolkata,1.HANDHOLDING,9979,13263,-3284,0,20,-20,6099,104
28/11/22,kolkata,2.HOOK,48,Kolkata,2.HOOK,14232,13589,643,100,166,-66,6656,289
28/11/22,kolkata,3.DETOX,48,Kolkata,3.DETOX,23465,5071,18394,426,512,-86,16012,3365
28/11/22,kolkata,4.SUSTENANCE,48,Kolkata,4.SUSTENANCE,4936,3511.87,1424.13,73,13,60,2436.09,38
28/11/22,kolkata,5.COMMITTED,48,Kolkata,5.COMMITTED,17542,4457,13085,84,93,-9,6123,562
28/11/22,kolkata,6.CHURN_OTB,48,Kolkata,6.CHURN_OTB,3610,1804,1806,0,66,-66,1858,12
28/11/22,kolkata,7.SOFT_CHURN,48,Kolkata,7.SOFT_CHURN,1828,813,1015,0,17,-17,815,4
28/11/22,kolkata,8.DORMANT,48,Kolkata,8.DORMANT,17379,11790,5589,31,36,-5,6170,239
28/11/22,kolkata,9.INACTIVE,48,Kolkata,9.INACTIVE,17510,8090,9420,0,0,0,4245,8
28/11/22,lucknow,0.NEW,48,Lucknow,0.NEW,9116,2124,6992,0,0,0,3635,16
28/11/22,lucknow,1.HANDHOLDING,48,Lucknow,1.HANDHOLDING,6066,24940,-18874,0,60,-60,6246,116
28/11/22,lucknow,2.HOOK,48,Lucknow,2.HOOK,19871,16858,3013,50,268,-218,13514,1246
28/11/22,lucknow,3.DETOX,48,Lucknow,3.DETOX,35960,13533,22427,155,1136,-981,33478,6175
28/11/22,lucknow,4.SUSTENANCE,48,Lucknow,4.SUSTENANCE,2965,2411,554,0,16,-16,2285,112
28/11/22,lucknow,5.COMMITTED,48,Lucknow,5.COMMITTED,16445,5554,10891,0,470,-470,17119,2355
28/11/22,lucknow,6.CHURN_OTB,48,Lucknow,6.CHURN_OTB,2928,1739,1189,0,44,-44,1888,136
28/11/22,lucknow,7.SOFT_CHURN,48,Lucknow,7.SOFT_CHURN,1415,759,656,20,8,12,579,24
28/11/22,lucknow,8.DORMANT,48,Lucknow,8.DORMANT,10203,4877,5326,50,64,-14,3770,231
28/11/22,lucknow,9.INACTIVE,48,Lucknow,9.INACTIVE,11574,6620,4954,0,0,0,3648,24
28/11/22,mumbai,0.NEW,48,Mumbai,0.NEW,87866,64,87802,0,0,0,25072,8
28/11/22,mumbai,1.HANDHOLDING,48,Mumbai,1.HANDHOLDING,24588,96587.5,-71999.5,0,200,-200,30951,1073
28/11/22,mumbai,2.HOOK,48,Mumbai,2.HOOK,23022,27715.98,-4693.98,80,774,-694,15677,1687
28/11/22,mumbai,3.DETOX,48,Mumbai,3.DETOX,21711,7400,14311,193,2340,-2147,22895,16012
28/11/22,mumbai,4.SUSTENANCE,48,Mumbai,4.SUSTENANCE,8988,8654,334,155,137,18,6931,705
28/11/22,mumbai,5.COMMITTED,48,Mumbai,5.COMMITTED,30352,13995,16357,353,1011,-658,28979.17,5728
28/11/22,mumbai,6.CHURN_OTB,48,Mumbai,6.CHURN_OTB,4655,3971,684,0,72,-72,3418,263
28/11/22,mumbai,7.SOFT_CHURN,48,Mumbai,7.SOFT_CHURN,2377,1646,731,0,21,-21,1051,114
28/11/22,mumbai,8.DORMANT,48,Mumbai,8.DORMANT,35038,20186,14852,30,116,-86,13602.89,450
28/11/22,mumbai,9.INACTIVE,48,Mumbai,9.INACTIVE,109136,79996,29140,0,0,0,29867.21,95.21
05/12/22,bangalore,0.NEW,49,Bangalore,0.NEW,536262,4361,531901,0,0,0,256903,82
05/12/22,bangalore,1.HANDHOLDING,49,Bangalore,1.HANDHOLDING,244278,171214,73064,0,760,-760,45750.12,885
05/12/22,bangalore,2.HOOK,49,Bangalore,2.HOOK,64769,47835,16934,30,1206,-1176,21588,1856
05/12/22,bangalore,3.DETOX,49,Bangalore,3.DETOX,105994,10380.29,95613.71,208,3191,-2983,17901,10538
05/12/22,bangalore,4.SUSTENANCE,49,Bangalore,4.SUSTENANCE,30033,18102,11931,283,303,-20,10554,820
05/12/22,bangalore,5.COMMITTED,49,Bangalore,5.COMMITTED,77387,18066.27,59320.73,220,1021,-801,31055,4675
05/12/22,bangalore,6.CHURN_OTB,49,Bangalore,6.CHURN_OTB,21762,8632,13130,0,246,-246,5459,620
05/12/22,bangalore,7.SOFT_CHURN,49,Bangalore,7.SOFT_CHURN,9211,4477,4734,0,37,-37,1980,25
05/12/22,bangalore,8.DORMANT,49,Bangalore,8.DORMANT,182236,95935,86301,139,248,-109,35559,908
05/12/22,bangalore,9.INACTIVE,49,Bangalore,9.INACTIVE,427509,589185.45,-161676.45,0,12,-12,115550.55,61
05/12/22,chandigarh,0.NEW,49,Chandigarh,0.NEW,9347,24,9323,0,0,0,4045,16
05/12/22,chandigarh,1.HANDHOLDING,49,Chandigarh,1.HANDHOLDING,3939,9688,-5749,0,60,-60,4476,176
05/12/22,chandigarh,2.HOOK,49,Chandigarh,2.HOOK,6015,6538,-523,56,165,-109,3894,318
05/12/22,chandigarh,3.DETOX,49,Chandigarh,3.DETOX,13557,6051,7506,175,1629,-1454,12424,6788
05/12/22,chandigarh,4.SUSTENANCE,49,Chandigarh,4.SUSTENANCE,1529,1344,185,0,12,-12,940,12
05/12/22,chandigarh,5.COMMITTED,49,Chandigarh,5.COMMITTED,4995,2254,2741,97,128,-31,3682,615
05/12/22,chandigarh,6.CHURN_OTB,49,Chandigarh,6.CHURN_OTB,2248,1394,854,0,68,-68,1669,110
05/12/22,chandigarh,7.SOFT_CHURN,49,Chandigarh,7.SOFT_CHURN,1011,439,572,0,8,-8,537,12
05/12/22,chandigarh,8.DORMANT,49,Chandigarh,8.DORMANT,9128,4264,4864,0,28,-28,4237,192
05/12/22,chandigarh,9.INACTIVE,49,Chandigarh,9.INACTIVE,8656,5999,2657,0,0,0,3643,36
05/12/22,chennai,0.NEW,49,Chennai,0.NEW,75318,64,75254,0,0,0,15675,20
05/12/22,chennai,1.HANDHOLDING,49,Chennai,1.HANDHOLDING,13735,123520,-109785,44,116,-72,18912,166
05/12/22,chennai,2.HOOK,49,Chennai,2.HOOK,23379,30589.19,-7210.19,0,429,-429,14321,632
05/12/22,chennai,3.DETOX,49,Chennai,3.DETOX,20084,11640.52,8443.48,148,2046.52,-1898.52,20955.48,6433.48
05/12/22,chennai,4.SUSTENANCE,49,Chennai,4.SUSTENANCE,6337,5903,434,0,60,-60,3463,48
05/12/22,chennai,5.COMMITTED,49,Chennai,5.COMMITTED,16172,6691,9481,30,207,-177,10958,790
05/12/22,chennai,6.CHURN_OTB,49,Chennai,6.CHURN_OTB,6063,4521,1542,0,96,-96,3659,192
05/12/22,chennai,7.SOFT_CHURN,49,Chennai,7.SOFT_CHURN,2833,1832,1001,0,33,-33,1405,32
05/12/22,chennai,8.DORMANT,49,Chennai,8.DORMANT,38129,21071,17058,22,116,-94,12744,230
05/12/22,chennai,9.INACTIVE,49,Chennai,9.INACTIVE,92701,47154,45547,0,0,0,18854.67,44
05/12/22,delhi,0.NEW,49,Delhi,0.NEW,34451,116,34335,0,0,0,11202,72
05/12/22,delhi,1.HANDHOLDING,49,Delhi,1.HANDHOLDING,22670,57326.88,-34656.88,85,321,-236,27304,962
05/12/22,delhi,2.HOOK,49,Delhi,2.HOOK,40802,45927,-5125,196,727,-531,32180.51,2302
05/12/22,delhi,3.DETOX,49,Delhi,3.DETOX,116768,54027.62,62740.38,462,10696,-10234,164170.46,61527.5
05/12/22,delhi,4.SUSTENANCE,49,Delhi,4.SUSTENANCE,6209,6842,-633,0,116,-116,5812,180
05/12/22,delhi,5.COMMITTED,49,Delhi,5.COMMITTED,25736,10867,14869,214,1034,-820,31838,4666
05/12/22,delhi,6.CHURN_OTB,49,Delhi,6.CHURN_OTB,13820,8671.77,5148.23,0,255,-255,11743.38,1000
05/12/22,delhi,7.SOFT_CHURN,49,Delhi,7.SOFT_CHURN,4187,2606,1581,0,36,-36,2931,98
05/12/22,delhi,8.DORMANT,49,Delhi,8.DORMANT,65656,23763.91,41892.09,0,80,-80,29768.45,697
05/12/22,delhi,9.INACTIVE,49,Delhi,9.INACTIVE,49079,25869,23210,0,4,-4,17415,56
05/12/22,hyderabad,0.NEW,49,Hyderabad,0.NEW,203535,236,203299,0,0,0,47807,58
05/12/22,hyderabad,1.HANDHOLDING,49,Hyderabad,1.HANDHOLDING,61451,252019.91,-190568.91,1,424,-423,62654.09,1038
05/12/22,hyderabad,2.HOOK,49,Hyderabad,2.HOOK,101778,124661,-22883,245,1585,-1340,61930,3139
05/12/22,hyderabad,3.DETOX,49,Hyderabad,3.DETOX,110348,54704.85,55643.15,298,7307.85,-7009.85,122002,28756
05/12/22,hyderabad,4.SUSTENANCE,49,Hyderabad,4.SUSTENANCE,24755,21841,2914,150,164,-14,15149,647
05/12/22,hyderabad,5.COMMITTED,49,Hyderabad,5.COMMITTED,53513,24433.95,29079.05,159,1074,-915,50604.36,5123
05/12/22,hyderabad,6.CHURN_OTB,49,Hyderabad,6.CHURN_OTB,23837,16811,7026,20,314,-294,16224,795
05/12/22,hyderabad,7.SOFT_CHURN,49,Hyderabad,7.SOFT_CHURN,13317,7551,5766,0,94,-94,6673,273
05/12/22,hyderabad,8.DORMANT,49,Hyderabad,8.DORMANT,241013,91125,149888,0,241,-241,81855,1538
05/12/22,hyderabad,9.INACTIVE,49,Hyderabad,9.INACTIVE,332142,166931,165211,0,8,-8,77073,160
05/12/22,indore,0.NEW,49,Indore,0.NEW,5754,40,5714,0,0,0,2211,0
05/12/22,indore,1.HANDHOLDING,49,Indore,1.HANDHOLDING,5356,11371,-6015,0,0,0,4916,0
05/12/22,indore,2.HOOK,49,Indore,2.HOOK,9954,9211,743,0,4,-4,5847,0
05/12/22,indore,3.DETOX,49,Indore,3.DETOX,11288,6047,5241,0,4,-4,11579,41
05/12/22,indore,4.SUSTENANCE,49,Indore,4.SUSTENANCE,1983,1560,423,0,0,0,1279,0
05/12/22,indore,5.COMMITTED,49,Indore,5.COMMITTED,6420,2460,3960,0,0,0,6006,4
05/12/22,indore,6.CHURN_OTB,49,Indore,6.CHURN_OTB,2125,1422,703,0,0,0,1761,0
05/12/22,indore,7.SOFT_CHURN,49,Indore,7.SOFT_CHURN,1224,643,581,0,0,0,694,0
05/12/22,indore,8.DORMANT,49,Indore,8.DORMANT,15784,6172,9612,0,0,0,5752,0
05/12/22,indore,9.INACTIVE,49,Indore,9.INACTIVE,10953,7533,3420,0,0,0,3110,0
05/12/22,jaipur,0.NEW,49,Jaipur,0.NEW,18193,56,18137,0,0,0,5563,0
05/12/22,jaipur,1.HANDHOLDING,49,Jaipur,1.HANDHOLDING,8372,20783,-12411,20,68,-48,8269,107
05/12/22,jaipur,2.HOOK,49,Jaipur,2.HOOK,16415,14674,1741,66,197,-131,9737.57,525
05/12/22,jaipur,3.DETOX,49,Jaipur,3.DETOX,23724,8729.8,14994.2,318,723,-405,21811,3463
05/12/22,jaipur,4.SUSTENANCE,49,Jaipur,4.SUSTENANCE,2897,2438,459,20,28,-8,1866,64
05/12/22,jaipur,5.COMMITTED,49,Jaipur,5.COMMITTED,8447,2230,6217,0,44,-44,5122,259
05/12/22,jaipur,6.CHURN_OTB,49,Jaipur,6.CHURN_OTB,4115,2285,1830,0,40,-40,2353,61
05/12/22,jaipur,7.SOFT_CHURN,49,Jaipur,7.SOFT_CHURN,2349,1064,1285,0,9,-9,1188,4
05/12/22,jaipur,8.DORMANT,49,Jaipur,8.DORMANT,27448,13812,13636,114,67,47,10347,228
05/12/22,jaipur,9.INACTIVE,49,Jaipur,9.INACTIVE,34089,25141,8948,0,4,-4,11203,20
05/12/22,kolkata,0.NEW,49,Kolkata,0.NEW,7059,139,6920,0,0,0,1767,0
05/12/22,kolkata,1.HANDHOLDING,49,Kolkata,1.HANDHOLDING,8412,12729,-4317,52,28,24,5931,159
05/12/22,kolkata,2.HOOK,49,Kolkata,2.HOOK,12896,9989,2907,232,101,131,6981,433
05/12/22,kolkata,3.DETOX,49,Kolkata,3.DETOX,21346,5029,16317,211,491,-280,16391,3577
05/12/22,kolkata,4.SUSTENANCE,49,Kolkata,4.SUSTENANCE,3763,2510,1253,51,16,35,2039,91
05/12/22,kolkata,5.COMMITTED,49,Kolkata,5.COMMITTED,14493,2203,12290,70,85,-15,6152,408
05/12/22,kolkata,6.CHURN_OTB,49,Kolkata,6.CHURN_OTB,3012,1456,1556,0,20,-20,1443,36
05/12/22,kolkata,7.SOFT_CHURN,49,Kolkata,7.SOFT_CHURN,1739,583,1156,0,4,-4,747,12
05/12/22,kolkata,8.DORMANT,49,Kolkata,8.DORMANT,17068,10872,6196,20,168,-148,6680,95
05/12/22,kolkata,9.INACTIVE,49,Kolkata,9.INACTIVE,17808,7490,10318,0,0,0,4981,32
05/12/22,lucknow,0.NEW,49,Lucknow,0.NEW,10141,2148,7993,0,0,0,3794,8
05/12/22,lucknow,1.HANDHOLDING,49,Lucknow,1.HANDHOLDING,4963,18447,-13484,0,100,-100,5816,157
05/12/22,lucknow,2.HOOK,49,Lucknow,2.HOOK,15827,14176,1651,40,496,-456,11415,1242
05/12/22,lucknow,3.DETOX,49,Lucknow,3.DETOX,27427,11541,15886,140,1171,-1031,27220,5662
05/12/22,lucknow,4.SUSTENANCE,49,Lucknow,4.SUSTENANCE,2397,2070,327,0,32,-32,1768,113
05/12/22,lucknow,5.COMMITTED,49,Lucknow,5.COMMITTED,15305,4734,10571,40,395,-355,16935,2014
05/12/22,lucknow,6.CHURN_OTB,49,Lucknow,6.CHURN_OTB,2196,1191,1005,0,60,-60,1424,120
05/12/22,lucknow,7.SOFT_CHURN,49,Lucknow,7.SOFT_CHURN,1182,472,710,0,8,-8,483,20
05/12/22,lucknow,8.DORMANT,49,Lucknow,8.DORMANT,9944,4289,5655,0,52,-52,4309,221
05/12/22,lucknow,9.INACTIVE,49,Lucknow,9.INACTIVE,11217,5997.5,5219.5,0,4,-4,3741,16
05/12/22,mumbai,0.NEW,49,Mumbai,0.NEW,101566,80,101486,0,0,0,26937,12
05/12/22,mumbai,1.HANDHOLDING,49,Mumbai,1.HANDHOLDING,22170,95352,-73182,5,216,-211,34051,718
05/12/22,mumbai,2.HOOK,49,Mumbai,2.HOOK,20057,21783.79,-1726.79,40,714,-674,13819,1565
05/12/22,mumbai,3.DETOX,49,Mumbai,3.DETOX,16416,5714,10702,50,2202,-2152,17712.79,12724.79
05/12/22,mumbai,4.SUSTENANCE,49,Mumbai,4.SUSTENANCE,8595,6292,2303,0,168,-168,7209,586
05/12/22,mumbai,5.COMMITTED,49,Mumbai,5.COMMITTED,24520,8265.79,16254.21,224,720,-496,24029.04,4914
05/12/22,mumbai,6.CHURN_OTB,49,Mumbai,6.CHURN_OTB,4327,2788,1539,127,124,3,2614,326
05/12/22,mumbai,7.SOFT_CHURN,49,Mumbai,7.SOFT_CHURN,2090,894,1196,0,17,-17,1144,162
05/12/22,mumbai,8.DORMANT,49,Mumbai,8.DORMANT,33739,17045.32,16693.68,30,104,-74,12953,337
05/12/22,mumbai,9.INACTIVE,49,Mumbai,9.INACTIVE,105127,68519,36608,0,4,-4,28510,87